{
  "project_info": {
    "project_number": "1092614622415",
    "project_id": "pizarratactica-83c78",
    "storage_bucket": "pizarratactica-83c78.firebasestorage.app"
  },
  "client": [
    {
      "client_info": {
        "mobilesdk_app_id": "1:1092614622415:android:204f0705fbff766b5bbbba",
        "android_client_info": {
          "package_name": "com.example.pizarra_tactica"
        }
      },
      "oauth_client": [],
      "api_key": [
        {
          "current_key": "AIzaSyDSHrxz_DF0gBjmyGcI17m_AK3O_3KxUI4"
        }
      ],
      "services": {
        "appinvite_service": {
          "other_platform_oauth_client": []
        }
      }
    }
  ],
  "configuration_version": "1"
}